name,title,level,facing,categories,description,detail,remediation,metadata,cache_key
security_definer_view,Security Definer View,ERROR,EXTERNAL,"[""SECURITY""]","Detects views defined with the SECURITY DEFINER property. These views enforce Postgres permissions and row level security policies (RLS) of the view creator, rather than that of the querying user",View \`public.users_with_beta_tester_badges\` is defined with the SECURITY DEFINER property,https://supabase.com/docs/guides/database/database-linter?lint=0010_security_definer_view,"{""name"":""users_with_beta_tester_badges"",""type"":""view"",""schema"":""public""}",security_definer_view_public_users_with_beta_tester_badges
security_definer_view,Security Definer View,ERROR,EXTERNAL,"[""SECURITY""]","Detects views defined with the SECURITY DEFINER property. These views enforce Postgres permissions and row level security policies (RLS) of the view creator, rather than that of the querying user",View \`public.users_with_gold_badges\` is defined with the SECURITY DEFINER property,https://supabase.com/docs/guides/database/database-linter?lint=0010_security_definer_view,"{""name"":""users_with_gold_badges"",""type"":""view"",""schema"":""public""}",security_definer_view_public_users_with_gold_badges
security_definer_view,Security Definer View,ERROR,EXTERNAL,"[""SECURITY""]","Detects views defined with the SECURITY DEFINER property. These views enforce Postgres permissions and row level security policies (RLS) of the view creator, rather than that of the querying user",View \`public.users_with_bronze_badges\` is defined with the SECURITY DEFINER property,https://supabase.com/docs/guides/database/database-linter?lint=0010_security_definer_view,"{""name"":""users_with_bronze_badges"",""type"":""view"",""schema"":""public""}",security_definer_view_public_users_with_bronze_badges
security_definer_view,Security Definer View,ERROR,EXTERNAL,"[""SECURITY""]","Detects views defined with the SECURITY DEFINER property. These views enforce Postgres permissions and row level security policies (RLS) of the view creator, rather than that of the querying user",View \`public.users_with_silver_badges\` is defined with the SECURITY DEFINER property,https://supabase.com/docs/guides/database/database-linter?lint=0010_security_definer_view,"{""name"":""users_with_silver_badges"",""type"":""view"",""schema"":""public""}",security_definer_view_public_users_with_silver_badges
rls_disabled_in_public,RLS Disabled in Public,ERROR,EXTERNAL,"[""SECURITY""]",Detects cases where row level security (RLS) has not been enabled on tables in schemas exposed to PostgREST,"Table \`public.message_reactions\` is public, but RLS has not been enabled.",https://supabase.com/docs/guides/database/database-linter?lint=0013_rls_disabled_in_public,"{""name"":""message_reactions"",""type"":""table"",""schema"":""public""}",rls_disabled_in_public_public_message_reactions
rls_disabled_in_public,RLS Disabled in Public,ERROR,EXTERNAL,"[""SECURITY""]",Detects cases where row level security (RLS) has not been enabled on tables in schemas exposed to PostgREST,"Table \`public.followers\` is public, but RLS has not been enabled.",https://supabase.com/docs/guides/database/database-linter?lint=0013_rls_disabled_in_public,"{""name"":""followers"",""type"":""table"",""schema"":""public""}",rls_disabled_in_public_public_followers
rls_disabled_in_public,RLS Disabled in Public,ERROR,EXTERNAL,"[""SECURITY""]",Detects cases where row level security (RLS) has not been enabled on tables in schemas exposed to PostgREST,"Table \`public.activity_logs\` is public, but RLS has not been enabled.",https://supabase.com/docs/guides/database/database-linter?lint=0013_rls_disabled_in_public,"{""name"":""activity_logs"",""type"":""table"",""schema"":""public""}",rls_disabled_in_public_public_activity_logs
rls_disabled_in_public,RLS Disabled in Public,ERROR,EXTERNAL,"[""SECURITY""]",Detects cases where row level security (RLS) has not been enabled on tables in schemas exposed to PostgREST,"Table \`public.admins\` is public, but RLS has not been enabled.",https://supabase.com/docs/guides/database/database-linter?lint=0013_rls_disabled_in_public,"{""name"":""admins"",""type"":""table"",""schema"":""public""}",rls_disabled_in_public_public_admins
rls_disabled_in_public,RLS Disabled in Public,ERROR,EXTERNAL,"[""SECURITY""]",Detects cases where row level security (RLS) has not been enabled on tables in schemas exposed to PostgREST,"Table \`public.user_badges\` is public, but RLS has not been enabled.",https://supabase.com/docs/guides/database/database-linter?lint=0013_rls_disabled_in_public,"{""name"":""user_badges"",""type"":""table"",""schema"":""public""}",rls_disabled_in_public_public_user_badges
rls_disabled_in_public,RLS Disabled in Public,ERROR,EXTERNAL,"[""SECURITY""]",Detects cases where row level security (RLS) has not been enabled on tables in schemas exposed to PostgREST,"Table \`public.badges\` is public, but RLS has not been enabled.",https://supabase.com/docs/guides/database/database-linter?lint=0013_rls_disabled_in_public,"{""name"":""badges"",""type"":""table"",""schema"":""public""}",rls_disabled_in_public_public_badges